what,kind,bundleId,bundleVersion,description,time
activated,editor,org.eclipse.jdt.ui,3.6.1.r361_v20100825-0800,"org.eclipse.jdt.ui.CompilationUnitEditor",1301932394327
executed,command,org.eclipse.ui,3.6.1.M20100826-1330,"org.eclipse.ui.edit.undo",1301932395029
executed,command,org.eclipse.ui,3.6.1.M20100826-1330,"org.eclipse.ui.edit.undo",1301932395467
executed,command,org.eclipse.ui,3.6.1.M20100826-1330,"org.eclipse.ui.edit.undo",1301932395826
executed,command,org.eclipse.ui,3.6.1.M20100826-1330,"org.eclipse.ui.edit.undo",1301932396177
executed,command,org.eclipse.ui,3.6.1.M20100826-1330,"org.eclipse.ui.edit.undo",1301932396513
executed,command,org.eclipse.ui,3.6.1.M20100826-1330,"org.eclipse.ui.edit.undo",1301932396809
executed,command,org.eclipse.ui,3.6.1.M20100826-1330,"org.eclipse.ui.edit.undo",1301932397159
executed,command,org.eclipse.ui,3.6.1.M20100826-1330,"org.eclipse.ui.edit.undo",1301932397607
executed,command,org.eclipse.ui,3.6.1.M20100826-1330,"org.eclipse.ui.edit.undo",1301932398152
executed,command,org.eclipse.ui,3.6.1.M20100826-1330,"org.eclipse.ui.edit.redo",1301932399395
executed,command,org.eclipse.ui,3.6.1.M20100826-1330,"org.eclipse.ui.edit.redo",1301932399900
executed,command,org.eclipse.ui,3.6.1.M20100826-1330,"org.eclipse.ui.edit.redo",1301932399923
executed,command,org.eclipse.ui,3.6.1.M20100826-1330,"org.eclipse.ui.edit.redo",1301932399945
executed,command,org.eclipse.ui,3.6.1.M20100826-1330,"org.eclipse.ui.edit.redo",1301932399980
executed,command,org.eclipse.ui,3.6.1.M20100826-1330,"org.eclipse.ui.edit.redo",1301932400010
executed,command,org.eclipse.ui,3.6.1.M20100826-1330,"org.eclipse.ui.edit.redo",1301932400044
executed,command,org.eclipse.ui,3.6.1.M20100826-1330,"org.eclipse.ui.edit.redo",1301932400076
executed,command,org.eclipse.ui,3.6.1.M20100826-1330,"org.eclipse.ui.edit.redo",1301932400112
executed,command,org.eclipse.ui.workbench.texteditor,3.6.1.r361_v20100714-0800,"org.eclipse.ui.edit.text.goto.lineEnd",1301932401844
executed,command,org.eclipse.ui.workbench.texteditor,3.6.1.r361_v20100714-0800,"org.eclipse.ui.edit.text.delete.line",1301932402404
executed,command,org.eclipse.ui,3.6.1.M20100826-1330,"org.eclipse.ui.file.save",1301932403529
executed,command,org.eclipse.ui.ide,3.6.1.M20100825-0800,"org.eclipse.jdt.ui.edit.text.java.correction.assist.proposals",1301932409756
activated,editor,org.eclipse.jdt.ui,3.6.1.r361_v20100825-0800,"org.eclipse.jdt.ui.CompilationUnitEditor",1301932412972
executed,command,,,"AUTOGEN:::org.eclipse.jdt.internal.ui.CompilationUnitEditor.ruler.actions/org.eclipse.jdt.internal.ui.javaeditor.JavaSelectRulerAction",1301932413835
activated,editor,org.eclipse.jdt.ui,3.6.1.r361_v20100825-0800,"org.eclipse.jdt.ui.CompilationUnitEditor",1301932417342
executed,command,org.eclipse.ui.ide,3.6.1.M20100825-0800,"org.eclipse.jdt.ui.edit.text.java.correction.assist.proposals",1301932419448
executed,command,org.eclipse.ui,3.6.1.M20100826-1330,"org.eclipse.ui.file.save",1301932439522
executed,command,org.eclipse.ui,3.6.1.M20100826-1330,"org.eclipse.ui.file.save",1301932443967
executed,command,org.eclipse.ui,3.6.1.M20100826-1330,"org.eclipse.ui.edit.text.contentAssist.proposals",1301932456812
deactivated,workbench,org.eclipse.ui.workbench,3.6.1.M20100826-1330,"",1301932465027
activated,workbench,org.eclipse.ui.workbench,3.6.1.M20100826-1330,"",1301932470896
executed,command,org.eclipse.ui,3.6.1.M20100826-1330,"org.eclipse.ui.edit.text.contentAssist.proposals",1301932472413
executed,command,org.eclipse.ui,3.6.1.M20100826-1330,"org.eclipse.ui.edit.text.contentAssist.proposals",1301932474025
executed,command,org.eclipse.ui,3.6.1.M20100826-1330,"org.eclipse.ui.edit.text.contentAssist.proposals",1301932477118
executed,command,org.eclipse.ui,3.6.1.M20100826-1330,"org.eclipse.ui.file.save",1301932484012
executed,command,org.eclipse.ui,3.6.1.M20100826-1330,"org.eclipse.ui.file.save",1301932490588
executed,command,org.eclipse.ui.workbench.texteditor,3.6.1.r361_v20100714-0800,"org.eclipse.ui.edit.text.goto.lineEnd",1301932513917
executed,command,org.eclipse.ui,3.6.1.M20100826-1330,"org.eclipse.ui.edit.text.contentAssist.proposals",1301932518467
executed,command,org.eclipse.ui,3.6.1.M20100826-1330,"org.eclipse.ui.file.save",1301932519619
executed,command,org.eclipse.ui,3.6.1.M20100826-1330,"org.eclipse.ui.file.save",1301932522831
executed,command,org.eclipse.ui.workbench.texteditor,3.6.1.r361_v20100714-0800,"org.eclipse.ui.edit.text.select.lineStart",1301932525716
executed,command,org.eclipse.ui,3.6.1.M20100826-1330,"org.eclipse.ui.edit.copy",1301932526013
executed,command,org.eclipse.ui.workbench.texteditor,3.6.1.r361_v20100714-0800,"org.eclipse.ui.edit.text.goto.lineEnd",1301932526132
executed,command,org.eclipse.ui,3.6.1.M20100826-1330,"org.eclipse.ui.edit.paste",1301932526652
executed,command,org.eclipse.ui,3.6.1.M20100826-1330,"org.eclipse.ui.file.save",1301932538916
executed,command,org.eclipse.ui,3.6.1.M20100826-1330,"org.eclipse.ui.file.save",1301932543539
executed,command,org.eclipse.ui,3.6.1.M20100826-1330,"org.eclipse.ui.file.save",1301932546240
executed,command,org.eclipse.ui.workbench.texteditor,3.6.1.r361_v20100714-0800,"org.eclipse.ui.edit.text.goto.lineEnd",1301932554141
executed,command,org.eclipse.ui,3.6.1.M20100826-1330,"org.eclipse.ui.file.save",1301932561014
executed,command,org.eclipse.ui.workbench.texteditor,3.6.1.r361_v20100714-0800,"org.eclipse.ui.edit.text.goto.lineEnd",1301932561397
executed,command,org.eclipse.ui.workbench.texteditor,3.6.1.r361_v20100714-0800,"org.eclipse.ui.edit.text.select.lineEnd",1301932563412
executed,command,org.eclipse.ui,3.6.1.M20100826-1330,"org.eclipse.ui.edit.copy",1301932565328
executed,command,org.eclipse.ui,3.6.1.M20100826-1330,"org.eclipse.ui.edit.paste",1301932565730
deactivated,workbench,org.eclipse.ui.workbench,3.6.1.M20100826-1330,"",1301932568419
activated,workbench,org.eclipse.ui.workbench,3.6.1.M20100826-1330,"",1301932572893
executed,command,org.eclipse.ui.workbench.texteditor,3.6.1.r361_v20100714-0800,"org.eclipse.ui.edit.text.goto.lineEnd",1301932576991
executed,command,org.eclipse.ui,3.6.1.M20100826-1330,"org.eclipse.ui.edit.text.contentAssist.proposals",1301932578016
deactivated,workbench,org.eclipse.ui.workbench,3.6.1.M20100826-1330,"",1301932582186
activated,workbench,org.eclipse.ui.workbench,3.6.1.M20100826-1330,"",1301932620566
executed,command,org.eclipse.ui.workbench.texteditor,3.6.1.r361_v20100714-0800,"org.eclipse.ui.edit.text.goto.lineEnd",1301932625147
executed,command,org.eclipse.ui,3.6.1.M20100826-1330,"org.eclipse.ui.edit.undo",1301932638703
executed,command,org.eclipse.ui,3.6.1.M20100826-1330,"org.eclipse.ui.edit.undo",1301932639081
executed,command,org.eclipse.ui,3.6.1.M20100826-1330,"org.eclipse.ui.edit.undo",1301932639439
executed,command,org.eclipse.ui,3.6.1.M20100826-1330,"org.eclipse.ui.edit.undo",1301932639799
executed,command,org.eclipse.ui,3.6.1.M20100826-1330,"org.eclipse.ui.edit.undo",1301932640183
executed,command,org.eclipse.ui,3.6.1.M20100826-1330,"org.eclipse.ui.edit.undo",1301932640917
deactivated,workbench,org.eclipse.ui.workbench,3.6.1.M20100826-1330,"",1301932644475
activated,workbench,org.eclipse.ui.workbench,3.6.1.M20100826-1330,"",1301932687956
activated,editor,org.eclipse.jdt.ui,3.6.1.r361_v20100825-0800,"org.eclipse.jdt.ui.CompilationUnitEditor",1301932687965
activated,editor,org.eclipse.jdt.ui,3.6.1.r361_v20100825-0800,"org.eclipse.jdt.ui.CompilationUnitEditor",1301932689127
executed,command,org.eclipse.ui,3.6.1.M20100826-1330,"org.eclipse.ui.file.save",1301932691749
executed,command,org.eclipse.ui,3.6.1.M20100826-1330,"org.eclipse.ui.file.save",1301932740335
executed,command,org.eclipse.ui.workbench.texteditor,3.6.1.r361_v20100714-0800,"org.eclipse.ui.edit.text.goto.lineEnd",1301932751162
executed,command,org.eclipse.ui.workbench.texteditor,3.6.1.r361_v20100714-0800,"org.eclipse.ui.edit.text.select.lineStart",1301932754970
executed,command,org.eclipse.ui.workbench.texteditor,3.6.1.r361_v20100714-0800,"org.eclipse.ui.edit.text.select.lineEnd",1301932754978
executed,command,org.eclipse.ui,3.6.1.M20100826-1330,"org.eclipse.ui.edit.copy",1301932755388
executed,command,org.eclipse.ui,3.6.1.M20100826-1330,"org.eclipse.ui.edit.paste",1301932755855
executed,command,org.eclipse.ui,3.6.1.M20100826-1330,"org.eclipse.ui.edit.delete",1301932759720
executed,command,org.eclipse.ui,3.6.1.M20100826-1330,"org.eclipse.ui.edit.delete",1301932759919
executed,command,org.eclipse.ui,3.6.1.M20100826-1330,"org.eclipse.ui.edit.delete",1301932760087
executed,command,org.eclipse.ui,3.6.1.M20100826-1330,"org.eclipse.ui.edit.delete",1301932760215
executed,command,org.eclipse.ui,3.6.1.M20100826-1330,"org.eclipse.ui.edit.delete",1301932760343
executed,command,org.eclipse.ui.workbench.texteditor,3.6.1.r361_v20100714-0800,"org.eclipse.ui.edit.text.goto.lineEnd",1301932766773
executed,command,org.eclipse.ui,3.6.1.M20100826-1330,"org.eclipse.ui.file.save",1301932767490
executed,command,org.eclipse.ui,3.6.1.M20100826-1330,"org.eclipse.ui.file.save",1301932770365
started,bundle,org.eclipse.debug.ui,3.6.1.v20100901_r361,"org.eclipse.debug.ui",1301932776623
started,bundle,org.eclipse.jdt.debug,3.6.1.v20100715_r361,"org.eclipse.jdt.debug",1301932777270
started,bundle,org.eclipse.jdt.debug.ui,3.5.0.v20100602-0830,"org.eclipse.jdt.debug.ui",1301932777437
opened,view,org.eclipse.jdt.junit,3.6.1.r361_v20100825-0800,"org.eclipse.jdt.junit.ResultView",1301932778230
activated,editor,org.eclipse.jdt.ui,3.6.1.r361_v20100825-0800,"org.eclipse.jdt.ui.PropertiesFileEditor",1301932792165
activated,editor,org.eclipse.jdt.ui,3.6.1.r361_v20100825-0800,"org.eclipse.jdt.ui.CompilationUnitEditor",1301932794611
executed,command,org.eclipse.ui,3.6.1.M20100826-1330,"org.eclipse.ui.edit.delete",1301932816739
executed,command,org.eclipse.ui,3.6.1.M20100826-1330,"org.eclipse.ui.file.save",1301932824977
executed,command,org.eclipse.ui,3.6.1.M20100826-1330,"org.eclipse.ui.edit.delete",1301932847398
activated,editor,org.eclipse.jdt.ui,3.6.1.r361_v20100825-0800,"org.eclipse.jdt.ui.PropertiesFileEditor",1301932863618
executed,command,org.eclipse.ui,3.6.1.M20100826-1330,"org.eclipse.ui.file.save",1301932865268
activated,editor,org.eclipse.jdt.ui,3.6.1.r361_v20100825-0800,"org.eclipse.jdt.ui.PropertiesFileEditor",1301932866149
executed,command,org.eclipse.ui,3.6.1.M20100826-1330,"org.eclipse.ui.file.save",1301932868163
activated,editor,org.eclipse.jdt.ui,3.6.1.r361_v20100825-0800,"org.eclipse.jdt.ui.PropertiesFileEditor",1301932868831
activated,editor,org.eclipse.jdt.ui,3.6.1.r361_v20100825-0800,"org.eclipse.jdt.ui.PropertiesFileEditor",1301932870630
activated,editor,org.eclipse.jdt.ui,3.6.1.r361_v20100825-0800,"org.eclipse.jdt.ui.CompilationUnitEditor",1301932872912
executed,command,org.eclipse.ui,3.6.1.M20100826-1330,"org.eclipse.ui.file.save",1301932895191
activated,view,org.eclipse.jdt.junit,3.6.1.r361_v20100825-0800,"org.eclipse.jdt.junit.ResultView",1301932900632
activated,editor,org.eclipse.jdt.ui,3.6.1.r361_v20100825-0800,"org.eclipse.jdt.ui.CompilationUnitEditor",1301932907019
executed,command,org.eclipse.ui,3.6.1.M20100826-1330,"org.eclipse.ui.file.save",1301932923940
activated,view,org.eclipse.jdt.junit,3.6.1.r361_v20100825-0800,"org.eclipse.jdt.junit.ResultView",1301932928459
activated,editor,org.eclipse.jdt.ui,3.6.1.r361_v20100825-0800,"org.eclipse.jdt.ui.CompilationUnitEditor",1301932937137
executed,command,org.eclipse.ui,3.6.1.M20100826-1330,"org.eclipse.ui.file.save",1301932942898
activated,view,org.eclipse.jdt.junit,3.6.1.r361_v20100825-0800,"org.eclipse.jdt.junit.ResultView",1301932949773
activated,editor,org.eclipse.jdt.ui,3.6.1.r361_v20100825-0800,"org.eclipse.jdt.ui.PropertiesFileEditor",1301932962399
executed,command,org.eclipse.ui,3.6.1.M20100826-1330,"org.eclipse.ui.file.save",1301932966685
activated,editor,org.eclipse.jdt.ui,3.6.1.r361_v20100825-0800,"org.eclipse.jdt.ui.PropertiesFileEditor",1301932967350
executed,command,org.eclipse.ui,3.6.1.M20100826-1330,"org.eclipse.ui.file.save",1301932968826
activated,editor,org.eclipse.jdt.ui,3.6.1.r361_v20100825-0800,"org.eclipse.jdt.ui.PropertiesFileEditor",1301932969465
executed,command,org.eclipse.ui,3.6.1.M20100826-1330,"org.eclipse.ui.edit.delete",1301932971147
executed,command,org.eclipse.ui,3.6.1.M20100826-1330,"org.eclipse.ui.edit.undo",1301932971865
activated,editor,org.eclipse.jdt.ui,3.6.1.r361_v20100825-0800,"org.eclipse.jdt.ui.PropertiesFileEditor",1301932973608
activated,editor,org.eclipse.jdt.ui,3.6.1.r361_v20100825-0800,"org.eclipse.jdt.ui.PropertiesFileEditor",1301932974392
activated,editor,org.eclipse.jdt.ui,3.6.1.r361_v20100825-0800,"org.eclipse.jdt.ui.PropertiesFileEditor",1301932977596
activated,editor,org.eclipse.jdt.ui,3.6.1.r361_v20100825-0800,"org.eclipse.jdt.ui.PropertiesFileEditor",1301932980579
activated,editor,org.eclipse.jdt.ui,3.6.1.r361_v20100825-0800,"org.eclipse.jdt.ui.CompilationUnitEditor",1301932990686
activated,view,org.eclipse.jdt.junit,3.6.1.r361_v20100825-0800,"org.eclipse.jdt.junit.ResultView",1301932996863
activated,editor,org.eclipse.jdt.ui,3.6.1.r361_v20100825-0800,"org.eclipse.jdt.ui.CompilationUnitEditor",1301932999906
executed,command,org.eclipse.ui,3.6.1.M20100826-1330,"org.eclipse.ui.edit.copy",1301933001191
executed,command,org.eclipse.ui,3.6.1.M20100826-1330,"org.eclipse.ui.edit.paste",1301933002552
executed,command,org.eclipse.ui.workbench.texteditor,3.6.1.r361_v20100714-0800,"org.eclipse.ui.edit.text.select.lineEnd",1301933006871
executed,command,org.eclipse.ui,3.6.1.M20100826-1330,"org.eclipse.ui.file.save",1301933010371
activated,editor,org.eclipse.jdt.ui,3.6.1.r361_v20100825-0800,"org.eclipse.jdt.ui.PropertiesFileEditor",1301933013695
activated,editor,org.eclipse.jdt.ui,3.6.1.r361_v20100825-0800,"org.eclipse.jdt.ui.CompilationUnitEditor",1301933017241
activated,editor,org.eclipse.jdt.ui,3.6.1.r361_v20100825-0800,"org.eclipse.jdt.ui.PropertiesFileEditor",1301933024265
executed,command,org.eclipse.ui.workbench.texteditor,3.6.1.r361_v20100714-0800,"org.eclipse.ui.edit.text.select.lineEnd",1301933025062
executed,command,org.eclipse.ui,3.6.1.M20100826-1330,"org.eclipse.ui.edit.copy",1301933025612
executed,command,org.eclipse.ui.workbench.texteditor,3.6.1.r361_v20100714-0800,"org.eclipse.ui.edit.text.goto.lineStart",1301933032177
executed,command,org.eclipse.ui,3.6.1.M20100826-1330,"org.eclipse.ui.edit.cut",1301933039680
executed,command,org.eclipse.ui,3.6.1.M20100826-1330,"org.eclipse.ui.edit.delete",1301933040235
executed,command,org.eclipse.ui.workbench.texteditor,3.6.1.r361_v20100714-0800,"org.eclipse.ui.edit.text.goto.lineEnd",1301933041587
executed,command,org.eclipse.ui,3.6.1.M20100826-1330,"org.eclipse.ui.edit.paste",1301933042313
executed,command,org.eclipse.ui,3.6.1.M20100826-1330,"org.eclipse.ui.file.save",1301933045598
executed,command,org.eclipse.ui.workbench.texteditor,3.6.1.r361_v20100714-0800,"org.eclipse.ui.edit.text.select.lineEnd",1301933049633
executed,command,org.eclipse.ui,3.6.1.M20100826-1330,"org.eclipse.ui.edit.copy",1301933050024
activated,editor,org.eclipse.jdt.ui,3.6.1.r361_v20100825-0800,"org.eclipse.jdt.ui.CompilationUnitEditor",1301933051640
activated,editor,org.eclipse.jdt.ui,3.6.1.r361_v20100825-0800,"org.eclipse.jdt.ui.PropertiesFileEditor",1301933053947
executed,command,org.eclipse.ui,3.6.1.M20100826-1330,"org.eclipse.ui.file.save",1301933055848
executed,command,org.eclipse.ui.workbench.texteditor,3.6.1.r361_v20100714-0800,"org.eclipse.ui.edit.text.select.lineEnd",1301933057229
executed,command,org.eclipse.ui,3.6.1.M20100826-1330,"org.eclipse.ui.edit.copy",1301933057637
activated,editor,org.eclipse.jdt.ui,3.6.1.r361_v20100825-0800,"org.eclipse.jdt.ui.CompilationUnitEditor",1301933058443
executed,command,org.eclipse.ui,3.6.1.M20100826-1330,"org.eclipse.ui.edit.paste",1301933061048
executed,command,org.eclipse.ui,3.6.1.M20100826-1330,"org.eclipse.ui.file.save",1301933061639
activated,editor,org.eclipse.jdt.ui,3.6.1.r361_v20100825-0800,"org.eclipse.jdt.ui.PropertiesFileEditor",1301933064178
executed,command,org.eclipse.ui,3.6.1.M20100826-1330,"org.eclipse.ui.edit.copy",1301933068337
activated,editor,org.eclipse.jdt.ui,3.6.1.r361_v20100825-0800,"org.eclipse.jdt.ui.CompilationUnitEditor",1301933069933
executed,command,org.eclipse.ui,3.6.1.M20100826-1330,"org.eclipse.ui.edit.paste",1301933071882
executed,command,org.eclipse.ui,3.6.1.M20100826-1330,"org.eclipse.ui.file.save",1301933093308
activated,editor,org.eclipse.jdt.ui,3.6.1.r361_v20100825-0800,"org.eclipse.jdt.ui.PropertiesFileEditor",1301933098975
executed,command,org.eclipse.ui,3.6.1.M20100826-1330,"org.eclipse.ui.file.save",1301933129451
executed,command,org.eclipse.ui.workbench.texteditor,3.6.1.r361_v20100714-0800,"org.eclipse.ui.edit.text.select.lineEnd",1301933131199
executed,command,org.eclipse.ui,3.6.1.M20100826-1330,"org.eclipse.ui.edit.copy",1301933131821
activated,editor,org.eclipse.jdt.ui,3.6.1.r361_v20100825-0800,"org.eclipse.jdt.ui.CompilationUnitEditor",1301933133608
executed,command,org.eclipse.ui,3.6.1.M20100826-1330,"org.eclipse.ui.edit.paste",1301933135376
executed,command,org.eclipse.ui,3.6.1.M20100826-1330,"org.eclipse.ui.file.save",1301933135967
activated,editor,org.eclipse.jdt.ui,3.6.1.r361_v20100825-0800,"org.eclipse.jdt.ui.PropertiesFileEditor",1301933140325
executed,command,org.eclipse.ui.workbench.texteditor,3.6.1.r361_v20100714-0800,"org.eclipse.ui.edit.text.select.lineEnd",1301933168287
executed,command,org.eclipse.ui,3.6.1.M20100826-1330,"org.eclipse.ui.edit.copy",1301933170512
activated,editor,org.eclipse.jdt.ui,3.6.1.r361_v20100825-0800,"org.eclipse.jdt.ui.CompilationUnitEditor",1301933172490
executed,command,org.eclipse.ui,3.6.1.M20100826-1330,"org.eclipse.ui.edit.paste",1301933174173
activated,editor,org.eclipse.jdt.ui,3.6.1.r361_v20100825-0800,"org.eclipse.jdt.ui.PropertiesFileEditor",1301933185354
executed,command,org.eclipse.ui,3.6.1.M20100826-1330,"org.eclipse.ui.edit.copy",1301933187090
activated,editor,org.eclipse.jdt.ui,3.6.1.r361_v20100825-0800,"org.eclipse.jdt.ui.CompilationUnitEditor",1301933188384
activated,editor,org.eclipse.jdt.ui,3.6.1.r361_v20100825-0800,"org.eclipse.jdt.ui.PropertiesFileEditor",1301933189443
executed,command,org.eclipse.ui.workbench.texteditor,3.6.1.r361_v20100714-0800,"org.eclipse.ui.edit.text.select.lineEnd",1301933196136
executed,command,org.eclipse.ui,3.6.1.M20100826-1330,"org.eclipse.ui.edit.copy",1301933202467
executed,command,org.eclipse.ui,3.6.1.M20100826-1330,"org.eclipse.ui.edit.undo",1301933209067
executed,command,org.eclipse.ui,3.6.1.M20100826-1330,"org.eclipse.ui.edit.undo",1301933209447
executed,command,org.eclipse.ui,3.6.1.M20100826-1330,"org.eclipse.ui.edit.undo",1301933209795
executed,command,org.eclipse.ui,3.6.1.M20100826-1330,"org.eclipse.ui.edit.copy",1301933214500
executed,command,org.eclipse.ui,3.6.1.M20100826-1330,"org.eclipse.ui.edit.copy",1301933215101
activated,editor,org.eclipse.jdt.ui,3.6.1.r361_v20100825-0800,"org.eclipse.jdt.ui.CompilationUnitEditor",1301933216859
executed,command,org.eclipse.ui,3.6.1.M20100826-1330,"org.eclipse.ui.edit.paste",1301933221852
executed,command,org.eclipse.ui,3.6.1.M20100826-1330,"org.eclipse.ui.file.save",1301933222608
activated,editor,org.eclipse.jdt.ui,3.6.1.r361_v20100825-0800,"org.eclipse.jdt.ui.PropertiesFileEditor",1301933224470
executed,command,org.eclipse.ui,3.6.1.M20100826-1330,"org.eclipse.ui.edit.copy",1301933227534
activated,editor,org.eclipse.jdt.ui,3.6.1.r361_v20100825-0800,"org.eclipse.jdt.ui.CompilationUnitEditor",1301933228850
executed,command,org.eclipse.ui,3.6.1.M20100826-1330,"org.eclipse.ui.edit.paste",1301933231985
executed,command,org.eclipse.ui,3.6.1.M20100826-1330,"org.eclipse.ui.file.save",1301933234517
activated,view,org.eclipse.jdt.junit,3.6.1.r361_v20100825-0800,"org.eclipse.jdt.junit.ResultView",1301933259300
activated,editor,org.eclipse.jdt.ui,3.6.1.r361_v20100825-0800,"org.eclipse.jdt.ui.CompilationUnitEditor",1301933261502
executed,command,org.eclipse.ui,3.6.1.M20100826-1330,"org.eclipse.ui.file.save",1301933263999
activated,view,org.eclipse.jdt.junit,3.6.1.r361_v20100825-0800,"org.eclipse.jdt.junit.ResultView",1301933268210
deactivated,workbench,org.eclipse.ui.workbench,3.6.1.M20100826-1330,"",1301933277575
activated,workbench,org.eclipse.ui.workbench,3.6.1.M20100826-1330,"",1301933287262
activated,editor,org.eclipse.jdt.ui,3.6.1.r361_v20100825-0800,"org.eclipse.jdt.ui.CompilationUnitEditor",1301933289569
executed,command,org.eclipse.ui,3.6.1.M20100826-1330,"org.eclipse.ui.edit.paste",1301933294857
deactivated,workbench,org.eclipse.ui.workbench,3.6.1.M20100826-1330,"",1301933295747
activated,workbench,org.eclipse.ui.workbench,3.6.1.M20100826-1330,"",1301933297408
executed,command,org.eclipse.ui,3.6.1.M20100826-1330,"org.eclipse.ui.file.save",1301933299110
activated,view,org.eclipse.jdt.junit,3.6.1.r361_v20100825-0800,"org.eclipse.jdt.junit.ResultView",1301933303326
activated,editor,org.eclipse.jdt.ui,3.6.1.r361_v20100825-0800,"org.eclipse.jdt.ui.CompilationUnitEditor",1301933305779
executed,command,org.eclipse.ui,3.6.1.M20100826-1330,"org.eclipse.ui.edit.delete",1301933307402
executed,command,org.eclipse.ui,3.6.1.M20100826-1330,"org.eclipse.ui.edit.delete",1301933310893
executed,command,org.eclipse.ui,3.6.1.M20100826-1330,"org.eclipse.ui.edit.delete",1301933311909
executed,command,org.eclipse.ui,3.6.1.M20100826-1330,"org.eclipse.ui.file.save",1301933313621
activated,view,org.eclipse.jdt.junit,3.6.1.r361_v20100825-0800,"org.eclipse.jdt.junit.ResultView",1301933315401
deactivated,workbench,org.eclipse.ui.workbench,3.6.1.M20100826-1330,"",1301933318310
activated,workbench,org.eclipse.ui.workbench,3.6.1.M20100826-1330,"",1301933323720
activated,editor,org.eclipse.jdt.ui,3.6.1.r361_v20100825-0800,"org.eclipse.jdt.ui.CompilationUnitEditor",1301933325076
executed,command,org.eclipse.ui,3.6.1.M20100826-1330,"org.eclipse.ui.edit.paste",1301933327059
executed,command,org.eclipse.ui,3.6.1.M20100826-1330,"org.eclipse.ui.file.save",1301933327543
activated,view,org.eclipse.jdt.junit,3.6.1.r361_v20100825-0800,"org.eclipse.jdt.junit.ResultView",1301933329553
deactivated,workbench,org.eclipse.ui.workbench,3.6.1.M20100826-1330,"",1301933352091
activated,workbench,org.eclipse.ui.workbench,3.6.1.M20100826-1330,"",1301933395599
activated,editor,org.eclipse.jdt.ui,3.6.1.r361_v20100825-0800,"org.eclipse.jdt.ui.CompilationUnitEditor",1301933436958
executed,command,org.eclipse.ui,3.6.1.M20100826-1330,"org.eclipse.ui.file.save",1301933438542
activated,view,org.eclipse.jdt.junit,3.6.1.r361_v20100825-0800,"org.eclipse.jdt.junit.ResultView",1301933441657
deactivated,workbench,org.eclipse.ui.workbench,3.6.1.M20100826-1330,"",1301933443799
activated,workbench,org.eclipse.ui.workbench,3.6.1.M20100826-1330,"",1301933453615
activated,editor,org.eclipse.jdt.ui,3.6.1.r361_v20100825-0800,"org.eclipse.jdt.ui.CompilationUnitEditor",1301933456387
executed,command,org.eclipse.ui,3.6.1.M20100826-1330,"org.eclipse.ui.edit.paste",1301933458227
executed,command,org.eclipse.ui,3.6.1.M20100826-1330,"org.eclipse.ui.file.save",1301933458820
activated,view,org.eclipse.jdt.junit,3.6.1.r361_v20100825-0800,"org.eclipse.jdt.junit.ResultView",1301933463314
deactivated,workbench,org.eclipse.ui.workbench,3.6.1.M20100826-1330,"",1301933470167
activated,workbench,org.eclipse.ui.workbench,3.6.1.M20100826-1330,"",1301933474695
activated,editor,org.eclipse.jdt.ui,3.6.1.r361_v20100825-0800,"org.eclipse.jdt.ui.CompilationUnitEditor",1301933477909
executed,command,org.eclipse.ui,3.6.1.M20100826-1330,"org.eclipse.ui.edit.paste",1301933478970
executed,command,org.eclipse.ui,3.6.1.M20100826-1330,"org.eclipse.ui.file.save",1301933479440
activated,view,org.eclipse.jdt.junit,3.6.1.r361_v20100825-0800,"org.eclipse.jdt.junit.ResultView",1301933484067
activated,editor,org.eclipse.jdt.ui,3.6.1.r361_v20100825-0800,"org.eclipse.jdt.ui.CompilationUnitEditor",1301933486492
executed,command,org.eclipse.ui,3.6.1.M20100826-1330,"org.eclipse.ui.edit.copy",1301933487826
executed,command,org.eclipse.ui,3.6.1.M20100826-1330,"org.eclipse.ui.edit.paste",1301933489192
executed,command,org.eclipse.ui.workbench.texteditor,3.6.1.r361_v20100714-0800,"org.eclipse.ui.edit.text.goto.lineEnd",1301933490800
executed,command,org.eclipse.ui,3.6.1.M20100826-1330,"org.eclipse.ui.file.save",1301933494121
activated,editor,org.eclipse.jdt.ui,3.6.1.r361_v20100825-0800,"org.eclipse.jdt.ui.PropertiesFileEditor",1301933496131
executed,command,org.eclipse.ui.workbench.texteditor,3.6.1.r361_v20100714-0800,"org.eclipse.ui.edit.text.select.lineStart",1301933498607
executed,command,org.eclipse.ui.workbench.texteditor,3.6.1.r361_v20100714-0800,"org.eclipse.ui.edit.text.select.lineEnd",1301933498631
executed,command,org.eclipse.ui,3.6.1.M20100826-1330,"org.eclipse.ui.edit.copy",1301933499407
activated,editor,org.eclipse.jdt.ui,3.6.1.r361_v20100825-0800,"org.eclipse.jdt.ui.CompilationUnitEditor",1301933501313
executed,command,org.eclipse.ui,3.6.1.M20100826-1330,"org.eclipse.ui.edit.paste",1301933502775
executed,command,org.eclipse.ui,3.6.1.M20100826-1330,"org.eclipse.ui.file.save",1301933503724
activated,editor,org.eclipse.jdt.ui,3.6.1.r361_v20100825-0800,"org.eclipse.jdt.ui.PropertiesFileEditor",1301933516853
executed,command,org.eclipse.ui.workbench.texteditor,3.6.1.r361_v20100714-0800,"org.eclipse.ui.edit.text.select.lineEnd",1301933517796
executed,command,org.eclipse.ui,3.6.1.M20100826-1330,"org.eclipse.ui.edit.copy",1301933518539
executed,command,org.eclipse.ui,3.6.1.M20100826-1330,"org.eclipse.ui.edit.copy",1301933518868
activated,editor,org.eclipse.jdt.ui,3.6.1.r361_v20100825-0800,"org.eclipse.jdt.ui.CompilationUnitEditor",1301933522062
executed,command,org.eclipse.ui,3.6.1.M20100826-1330,"org.eclipse.ui.edit.paste",1301933523958
executed,command,org.eclipse.ui,3.6.1.M20100826-1330,"org.eclipse.ui.file.save",1301933525346
activated,editor,org.eclipse.jdt.ui,3.6.1.r361_v20100825-0800,"org.eclipse.jdt.ui.PropertiesFileEditor",1301933527009
executed,command,org.eclipse.ui,3.6.1.M20100826-1330,"org.eclipse.ui.edit.copy",1301933528775
activated,editor,org.eclipse.jdt.ui,3.6.1.r361_v20100825-0800,"org.eclipse.jdt.ui.CompilationUnitEditor",1301933530726
executed,command,org.eclipse.ui,3.6.1.M20100826-1330,"org.eclipse.ui.edit.paste",1301933531761
executed,command,org.eclipse.ui,3.6.1.M20100826-1330,"org.eclipse.ui.edit.delete",1301933533528
